<?xml version="1.0" encoding="UTF-8"?>
<ehcache name="hibernate">

	<diskStore path="java.io.tmpdir" />

	<!-- DefaultCache setting. -->
	<defaultCache maxEntriesLocalHeap="1000000" eternal="false"
		timeToIdleSeconds="300" timeToLiveSeconds="600" overflowToDisk="false"
		maxEntriesLocalDisk="100000" />
		
	<cache name="cn.gzjp.framwork.sys.entity.Permission"
		maxEntriesLocalHeap="100" eternal="false" timeToIdleSeconds="600"
		timeToLiveSeconds="3600" overflowToDisk="false">
	</cache>

	<cache name="cn.gzjp.framwork.sys.entity.Dictionary"
		maxEntriesLocalHeap="1000" eternal="false" timeToIdleSeconds="600"
		timeToLiveSeconds="3600" overflowToDisk="false">
	</cache>
	
	<cache name="cn.gzjp.framwork.sys.entity.DictionaryType"
		maxEntriesLocalHeap="100" eternal="false" timeToIdleSeconds="600"
		timeToLiveSeconds="3600" overflowToDisk="false">
	</cache>

</ehcache>
