<beans xmlns="http://www.springframework.org/schema/beans"
	xmlns:xsi="http://www.w3.org/2001/XMLSchema-instance" xmlns:p="http://www.springframework.org/schema/p"
	xmlns:context="http://www.springframework.org/schema/context"
	xmlns:mvc="http://www.springframework.org/schema/mvc"
	xsi:schemaLocation="
       http://www.springframework.org/schema/beans
       http://www.springframework.org/schema/beans/spring-beans.xsd
       http://www.springframework.org/schema/context
       http://www.springframework.org/schema/context/spring-context.xsd
       http://www.springframework.org/schema/mvc
       http://www.springframework.org/schema/mvc/spring-mvc.xsd">

	<!-- 自动扫描且只扫描@Controller -->
	<context:component-scan base-package="com.i5le.**.web"
		use-default-filters="false">
		<context:include-filter type="annotation"
			expression="org.springframework.stereotype.Controller" />
		<context:include-filter type="annotation"
			expression="org.springframework.web.bind.annotation.ControllerAdvice" />
	</context:component-scan>



	<mvc:annotation-driven
		content-negotiation-manager="contentNegotiationManager"
		conversion-service="conversionService">
		<mvc:message-converters register-defaults="true">
			<!-- 将StringHttpMessageConverter的默认编码设为UTF-8 -->
			<bean class="org.springframework.http.converter.StringHttpMessageConverter">
				<constructor-arg value="UTF-8" />
				<!-- HTTP 头里不打印一堆的 Accept-Charset 属性 -->
				<property name="writeAcceptCharset" value="false" />
			</bean>
			<!-- 将Jackson2HttpMessageConverter的默认格式化输出设为true -->
			<bean
				class="org.springframework.http.converter.json.MappingJackson2HttpMessageConverter">
				<property name="prettyPrint" value="true" />
			</bean>


		</mvc:message-converters>
		<!--<mvc:argument-resolvers> SpringMVC与SpringDataJpa 支持Pageable处理pageable的实例化，避免出现无法实例化接口的问题，并使得能够使用PageableDefault注解提供默认初始值 
			<bean class="org.springframework.data.web.PageableArgumentResolver" > <property 
			name="prefix" value="" /> <property name="separator" value="" /> </bean> 
			</mvc:argument-resolvers> -->

	</mvc:annotation-driven>

	<bean id="conversionService"
		class="org.springframework.format.support.FormattingConversionServiceFactoryBean">
	</bean>

	<!-- REST中根据URL后缀自动判定Content-Type及相应的View -->
	<bean id="contentNegotiationManager"
		class="org.springframework.web.accept.ContentNegotiationManagerFactoryBean">
		<property name="mediaTypes">
			<value>
				json=application/json
				xml=application/xml
			</value>
		</property>
	</bean>



	<!-- 定义JSP文件的位置 -->
	<bean
		class="org.springframework.web.servlet.view.InternalResourceViewResolver">
		<property name="prefix" value="/WEB-INF/jsp/" />
		<property name="suffix" value=".jsp" />
	</bean>

	<!-- 容器默认的DefaultServletHandler处理 所有静态内容与无RequestMapping处理的URL -->
	<mvc:default-servlet-handler />
	

	<!-- 定义无需Controller的url<->view直接映射 -->
	<mvc:view-controller path="/" view-name="index" />

	<!-- 将Controller抛出的异常转到特定View, 保持SiteMesh的装饰效果 -->
	<bean
		class="org.springframework.web.servlet.handler.SimpleMappingExceptionResolver">
		<property name="exceptionMappings">
			<props>
				<prop key="org.apache.shiro.authz.AuthorizationException">error/403</prop>
				<prop key="org.apache.shiro.authz.UnauthorizedException">error/403</prop>
				<prop key="java.lang.Throwable">error/500</prop>
			</props>
		</property>
	</bean>

	<!-- 支持 Shiro对Controller的方法级AOP安全控制 begin -->
	<bean
		class="org.springframework.aop.framework.autoproxy.DefaultAdvisorAutoProxyCreator"
		depends-on="lifecycleBeanPostProcessor">
		<property name="proxyTargetClass" value="true" />
	</bean>
	<bean
		class="org.apache.shiro.spring.security.interceptor.AuthorizationAttributeSourceAdvisor">
		<property name="securityManager" ref="securityManager" />
	</bean>
	<!-- end -->
</beans>
