<?xml version="1.0" encoding="utf-8"?>
<!DOCTYPE hibernate-mapping PUBLIC "-//Hibernate/Hibernate Mapping DTD 3.0//EN"
"http://hibernate.sourceforge.net/hibernate-mapping-3.0.dtd">
<!-- 
    Mapping file autogenerated by MyEclipse Persistence Tools
-->
<hibernate-mapping>
    <class name="com.pojo.Bsd" table="bsd" catalog="mystock">
        <id name="djid" type="java.lang.String">
            <column name="djid" length="14" />
        </id>
        <property name="riqi" type="java.util.Date">
            <column name="riqi" length="10" not-null="true" />
        </property>
        <property name="userid" type="java.lang.Integer">
            <column name="userid" />
        </property>
        <property name="username" type="java.lang.String">
            <column name="username" length="20" />
        </property>
        <property name="bz" type="java.lang.String">
            <column name="bz" length="200" />
        </property>
    </class>
</hibernate-mapping>
