<?xml version="1.0" encoding="utf-8"?>
<!DOCTYPE hibernate-mapping PUBLIC "-//Hibernate/Hibernate Mapping DTD 3.0//EN"
"http://hibernate.sourceforge.net/hibernate-mapping-3.0.dtd">
<!-- 
    Mapping file autogenerated by MyEclipse Persistence Tools
-->
<hibernate-mapping>
    <class name="com.pojo.Gys" table="gys" catalog="mystock">
        <id name="gysid" type="java.lang.Integer">
            <column name="gysid" />
            <generator class="native" />
        </id>
        <property name="name" type="java.lang.String">
            <column name="name" length="50" not-null="true" />
        </property>
        <property name="lxren" type="java.lang.String">
            <column name="lxren" length="30" />
        </property>
        <property name="lxtel" type="java.lang.String">
            <column name="lxtel" length="30" />
        </property>
        <property name="address" type="java.lang.String">
            <column name="address" length="50" />
        </property>
        <property name="bz" type="java.lang.String">
            <column name="bz" length="200" />
        </property>
        <set name="thds" inverse="true">
            <key>
                <column name="gysid" />
            </key>
            <one-to-many class="com.pojo.Thd" />
        </set>
        <set name="jhds" inverse="true">
            <key>
                <column name="gysid" />
            </key>
            <one-to-many class="com.pojo.Jhd" />
        </set>
    </class>
</hibernate-mapping>
