<?xml version="1.0" encoding="utf-8"?>
<!DOCTYPE hibernate-mapping PUBLIC "-//Hibernate/Hibernate Mapping DTD 3.0//EN"
"http://hibernate.sourceforge.net/hibernate-mapping-3.0.dtd">
<!-- 
    Mapping file autogenerated by MyEclipse Persistence Tools
-->
<hibernate-mapping>
    <class name="com.pojo.Jhd" table="jhd" catalog="mystock">
        <id name="djid" type="java.lang.String">
            <column name="djid" length="14" />
        </id>
        <property name="gysid" type="java.lang.Integer">
            <column name="gysid" />
        </property>
        <property name="gysname" type="java.lang.String">
            <column name="gysname" length="50" />
        </property>
        <property name="riqi" type="java.util.Date">
            <column name="riqi" length="10" not-null="true" />
        </property>
        <property name="yfje" type="java.lang.Double">
            <column name="yfje" precision="22" scale="0" />
        </property>
        <property name="sfje" type="java.lang.Double">
            <column name="sfje" precision="22" scale="0" />
        </property>
        <property name="jystate" type="java.lang.String">
            <column name="jystate" length="2" />
        </property>
        <property name="userid" type="java.lang.Integer">
            <column name="userid" />
        </property>
        <property name="username" type="java.lang.String">
            <column name="username" length="20" />
        </property>
        <property name="bz" type="java.lang.String">
            <column name="bz" length="200" />
        </property>
    </class>
</hibernate-mapping>
