<?xml version="1.0" encoding="utf-8"?>
<!DOCTYPE hibernate-mapping PUBLIC "-//Hibernate/Hibernate Mapping DTD 3.0//EN"
"http://hibernate.sourceforge.net/hibernate-mapping-3.0.dtd">
<!-- 
    Mapping file autogenerated by MyEclipse Persistence Tools
-->
<hibernate-mapping>
    <class name="com.pojo.Jhdsp" table="jhdsp" catalog="mystock">
        <id name="id" type="java.lang.Integer">
            <column name="id" />
            <generator class="native" />
        </id>
        <many-to-one name="jhd" class="com.pojo.Jhd" fetch="select">
            <column name="djid" length="14" not-null="true" />
        </many-to-one>
        <property name="spid" type="java.lang.String">
            <column name="spid" length="10" not-null="true" />
        </property>
        <property name="spname" type="java.lang.String">
            <column name="spname" length="20" />
        </property>
        <property name="spdw" type="java.lang.String">
            <column name="spdw" length="20" />
        </property>
        <property name="spxinghao" type="java.lang.String">
            <column name="spxinghao" length="20" />
        </property>
        <property name="lbid" type="java.lang.Integer">
            <column name="lbid" />
        </property>
        <property name="lbname" type="java.lang.String">
            <column name="lbname" length="20" />
        </property>
        <property name="dj" type="java.lang.Double">
            <column name="dj" precision="22" scale="0" />
        </property>
        <property name="sl" type="java.lang.Integer">
            <column name="sl" />
        </property>
        <property name="zj" type="java.lang.Double">
            <column name="zj" precision="22" scale="0" />
        </property>
    </class>
</hibernate-mapping>
