<?xml version="1.0" encoding="utf-8"?>
<!DOCTYPE hibernate-mapping PUBLIC "-//Hibernate/Hibernate Mapping DTD 3.0//EN"
"http://hibernate.sourceforge.net/hibernate-mapping-3.0.dtd">
<!-- 
    Mapping file autogenerated by MyEclipse Persistence Tools
-->
<hibernate-mapping>
    <class name="com.pojo.Kh" table="kh" catalog="mystock">
        <id name="khid" type="java.lang.Integer">
            <column name="khid" />
            <generator class="native" />
        </id>
        <property name="khname" type="java.lang.String">
            <column name="khname" length="50" not-null="true" />
        </property>
        <property name="lxren" type="java.lang.String">
            <column name="lxren" length="30" />
        </property>
        <property name="lxtel" type="java.lang.String">
            <column name="lxtel" length="30" />
        </property>
        <property name="address" type="java.lang.String">
            <column name="address" length="50" />
        </property>
        <property name="bz" type="java.lang.String">
            <column name="bz" length="200" />
        </property>
         <property name="userid" type="java.lang.Integer">
            <column name="userid"/>
        </property>
        <set name="ckds" inverse="true">
            <key>
                <column name="khid" />
            </key>
            <one-to-many class="com.pojo.Ckd" />
        </set>
        <set name="tkds" inverse="true">
            <key>
                <column name="khid" />
            </key>
            <one-to-many class="com.pojo.Tkd" />
        </set>
    </class>
</hibernate-mapping>
