<?xml version="1.0" encoding="utf-8"?>
<!DOCTYPE hibernate-mapping PUBLIC "-//Hibernate/Hibernate Mapping DTD 3.0//EN"
"http://hibernate.sourceforge.net/hibernate-mapping-3.0.dtd">
<!-- 
    Mapping file autogenerated by MyEclipse Persistence Tools
-->
<hibernate-mapping>
    <class name="com.pojo.Menu" table="menu" catalog="mystock">
        <id name="menuid" type="java.lang.Integer">
            <column name="menuid" />
            <generator class="native" />
        </id>
        <property name="menuname" type="java.lang.String">
            <column name="menuname" length="20" not-null="true" />
        </property>
        <property name="pid" type="java.lang.Integer">
            <column name="pid" />
        </property>
        <property name="menuurl" type="java.lang.String">
            <column name="menuurl" length="100" />
        </property>
        <property name="menutype" type="java.lang.Integer">
            <column name="menutype" not-null="true" />
        </property>
        <property name="ordernum" type="java.lang.Integer">
            <column name="ordernum" />
        </property>
        <property name="icon" type="java.lang.String">
            <column name="icon" length="20" />
        </property>
    </class>
</hibernate-mapping>
