<?xml version="1.0" encoding="utf-8"?>
<!DOCTYPE hibernate-mapping PUBLIC "-//Hibernate/Hibernate Mapping DTD 3.0//EN"
"http://hibernate.sourceforge.net/hibernate-mapping-3.0.dtd">
<!-- 
    Mapping file autogenerated by MyEclipse Persistence Tools
-->
<hibernate-mapping>
    <class name="com.pojo.Position" table="stock_position" catalog="mystock">
        <id name="spid" type="java.lang.Integer">
            <column name="spid" />
            <generator class="native" />
        </id>
        <property name="spname" type="java.lang.String">
            <column name="spname" length="20" />
        </property>
         <property name="spcode" type="java.lang.String">
            <column name="spcode" length="20" />
        </property>
        <property name="pid" type="java.lang.Integer">
            <column name="pid" />
        </property>
        
    </class>
</hibernate-mapping>
