<?xml version="1.0" encoding="utf-8"?>
<!DOCTYPE hibernate-mapping PUBLIC "-//Hibernate/Hibernate Mapping DTD 3.0//EN"
"http://hibernate.sourceforge.net/hibernate-mapping-3.0.dtd">
<!-- 
    Mapping file autogenerated by MyEclipse Persistence Tools
-->
<hibernate-mapping>
    <class name="com.pojo.Role" table="role" catalog="mystock">
        <id name="roleid" type="java.lang.Integer">
            <column name="roleid" />
            <generator class="native" />
        </id>
        <property name="rolename" type="java.lang.String">
            <column name="rolename" length="20" not-null="true" />
        </property>
        <property name="bz" type="java.lang.String">
            <column name="bz" length="100" />
        </property>
    </class>
</hibernate-mapping>
