<?xml version="1.0" encoding="utf-8"?>
<!DOCTYPE hibernate-mapping PUBLIC "-//Hibernate/Hibernate Mapping DTD 3.0//EN"
"http://hibernate.sourceforge.net/hibernate-mapping-3.0.dtd">
<!-- 
    Mapping file autogenerated by MyEclipse Persistence Tools
-->
<hibernate-mapping>
    <class name="com.pojo.Rolemenu" table="rolemenu" catalog="mystock">
        <composite-id name="id" class="com.pojo.RolemenuId">
            <key-property name="roleid" type="java.lang.Integer">
                <column name="roleid"/>
            </key-property>
            <key-property name="menuid" type="java.lang.Integer">
                <column name="menuid"/>
            </key-property>
        </composite-id>
        <many-to-one name="role" class="com.pojo.Role" update="false" insert="false" fetch="select">
            <column name="roleid" not-null="true">
            </column>
        </many-to-one>
        <many-to-one name="menu" class="com.pojo.Menu" update="false" insert="false" fetch="select">
            <column name="menuid" not-null="true">
            </column>
        </many-to-one>
    </class>
</hibernate-mapping>
