<?xml version="1.0" encoding="utf-8"?>
<!DOCTYPE hibernate-mapping PUBLIC "-//Hibernate/Hibernate Mapping DTD 3.0//EN"
"http://hibernate.sourceforge.net/hibernate-mapping-3.0.dtd">
<!-- 
    Mapping file autogenerated by MyEclipse Persistence Tools
-->
<hibernate-mapping>
    <class name="com.pojo.Spdw" table="spdw" catalog="mystock">
        <id name="dwid" type="java.lang.Integer">
            <column name="dwid" />
            <generator class="native" />
        </id>
        <property name="dwname" type="java.lang.String">
            <column name="dwname" length="20" not-null="true" />
        </property>
    </class>
</hibernate-mapping>
