<?xml version="1.0" encoding="utf-8"?>
<!DOCTYPE hibernate-mapping PUBLIC "-//Hibernate/Hibernate Mapping DTD 3.0//EN"
"http://hibernate.sourceforge.net/hibernate-mapping-3.0.dtd">
<!-- 
    Mapping file autogenerated by MyEclipse Persistence Tools
-->
<hibernate-mapping>
    <class name="com.pojo.Splb" table="splb" catalog="mystock">
        <id name="lbid" type="java.lang.Integer">
            <column name="lbid" />
            <generator class="native" />
        </id>
        <property name="lbname" type="java.lang.String">
            <column name="lbname" length="20" />
        </property>
        <property name="pid" type="java.lang.Integer">
            <column name="pid" />
        </property>
        <set name="spxxes" inverse="true">
            <key>
                <column name="lbid" not-null="true" />
            </key>
            <one-to-many class="com.pojo.Spxx" />
        </set>
    </class>
</hibernate-mapping>
