<?xml version="1.0" encoding="utf-8"?>
<!DOCTYPE hibernate-mapping PUBLIC "-//Hibernate/Hibernate Mapping DTD 3.0//EN"
"http://hibernate.sourceforge.net/hibernate-mapping-3.0.dtd">
<!-- 
    Mapping file autogenerated by MyEclipse Persistence Tools
-->
<hibernate-mapping>
    <class name="com.pojo.Spxx" table="spxx" catalog="mystock">
        <id name="spid" type="java.lang.String">
            <column name="spid" length="10" />
        </id>
        <property name="spname" type="java.lang.String">
            <column name="spname" length="20" not-null="true" />
        </property>
        <property name="xinghao" type="java.lang.String">
            <column name="xinghao" length="20" />
        </property>
        <property name="lbid" type="java.lang.Integer">
            <column name="lbid" not-null="true" />
        </property>
        <property name="lbpid" type="java.lang.Integer">
            <column name="lbpid" not-null="true" />
        </property>
        <property name="lbname" type="java.lang.String">
            <column name="lbname" length="20" not-null="true" />
        </property>
        <property name="dw" type="java.lang.String">
            <column name="dw" length="10" />
        </property>
        <property name="jhprice" type="java.lang.Double">
            <column name="jhprice" precision="22" scale="0" />
        </property>
        <property name="chprice" type="java.lang.Double">
            <column name="chprice" precision="22" scale="0" />
        </property>
        <property name="scprice" type="java.lang.Double">
            <column name="scprice" precision="22" scale="0" />
        </property>
        <property name="scjj" type="java.lang.Double">
            <column name="scjj" precision="22" scale="0" />
        </property>
        <property name="kcsl" type="java.lang.Integer">
            <column name="kcsl" />
        </property>
        <property name="kczj" type="java.lang.Double">
            <column name="kczj" precision="22" scale="0" />
        </property>
        <property name="minnum" type="java.lang.Integer">
            <column name="minnum" />
        </property>
        <property name="csname" type="java.lang.String">
            <column name="csname" length="50" />
        </property>
        <property name="state" type="java.lang.String">
            <column name="state" length="1" />
        </property>
        <property name="usable" type="java.lang.String">
            <column name="usable" length="2" />
        </property>
        <property name="bz" type="java.lang.String">
            <column name="bz" length="200" />
        </property>
        <property name="imageinfo" type="java.lang.String">
            <column name="imageinfo" length="2000" />
        </property>
        <property name="icon" type="java.lang.String">
            <column name="icon" length="200" />
        </property>
        
        <property name="areaname" type="java.lang.String">
            <column name="areaname" length="200" />
        </property>
        <property name="areacode" type="java.lang.String">
            <column name="areacode" length="200" />
        </property>
        <property name="date" type="java.util.Date">
            <column name="date" length="200" />
        </property>
        <property name="manrole" type="java.lang.String">
            <column name="manrole" length="200" />
        </property>
         <property name="mancode" type="java.lang.String">
            <column name="mancode" length="200" />
        </property>
        <property name="is_gift" type="java.lang.Integer">
            <column name="is_gift" />
        </property>
    </class>
</hibernate-mapping>
