<?xml version="1.0" encoding="utf-8"?>
<!DOCTYPE hibernate-mapping PUBLIC "-//Hibernate/Hibernate Mapping DTD 3.0//EN"
"http://hibernate.sourceforge.net/hibernate-mapping-3.0.dtd">
<!-- 
    Mapping file autogenerated by MyEclipse Persistence Tools
-->
<hibernate-mapping>
    <class name="com.pojo.SpxxImage" table="spxx_image" catalog="mystock">
         <id name="id" type="java.lang.Integer">
            <column name="id" />
            <generator class="native" />
        </id>
        <property name="spid" type="java.lang.String">
            <column name="spid" length="20" not-null="true" />
        </property>
        <property name="url" type="java.lang.String">
            <column name="url" />
        </property>
        <property name="content" type="java.lang.String">
            <column name="content" length="20" not-null="true" />
        </property>
    </class>
</hibernate-mapping>
