<?xml version="1.0" encoding="utf-8"?>
<!DOCTYPE hibernate-mapping PUBLIC "-//Hibernate/Hibernate Mapping DTD 3.0//EN"
"http://hibernate.sourceforge.net/hibernate-mapping-3.0.dtd">
<!-- 
    Mapping file autogenerated by MyEclipse Persistence Tools
-->
<hibernate-mapping>
    <class name="com.pojo.Users" table="users" catalog="mystock">
        <id name="userid" type="java.lang.Integer">
            <column name="userid" />
            <generator class="native" />
        </id>
        <many-to-one name="role" class="com.pojo.Role" fetch="select">
            <column name="roleid" not-null="true" />
        </many-to-one>
        <property name="logincode" type="java.lang.String">
            <column name="logincode" length="20" not-null="true" />
        </property>
        <property name="password" type="java.lang.String">
            <column name="password" length="20" not-null="true" />
        </property>
        <property name="username" type="java.lang.String">
            <column name="username" length="20" not-null="true" />
        </property>
        <property name="state" type="java.lang.Integer">
            <column name="state" not-null="true" />
        </property>
        <property name="bz" type="java.lang.String">
            <column name="bz" length="100" />
        </property>    
        <property name="tel" type="java.lang.String">
            <column name="tel" length="255" />
        </property>    
        <property name="email" type="java.lang.String">
            <column name="email" length="255" />
        </property>    
        <property name="area_code" type="java.lang.String">
            <column name="area_code" length="20" />
        </property>    
        <property name="area_name" type="java.lang.String">
            <column name="area_name" length="20" />
        </property>    
        <property name="last_login" type="java.lang.String">
            <column name="last_login" length="100" />
        </property>    
        <property name="history_operation" type="java.lang.String">
            <column name="history_operation" length="100" /> 
        </property>    
        <property name="wechat" type="java.lang.String">
            <column name="wechat" length="20" />                                 
        </property>
         <set name="khs" inverse="true">
            <key>
                <column name="userid" />
            </key>
            <one-to-many class="com.pojo.Kh" />
        </set>
    </class>
</hibernate-mapping>
