<?xml version="1.0" encoding="utf-8"?>
<!DOCTYPE hibernate-mapping PUBLIC "-//Hibernate/Hibernate Mapping DTD 3.0//EN"
"http://hibernate.sourceforge.net/hibernate-mapping-3.0.dtd">
<!-- 
    Mapping file autogenerated by MyEclipse Persistence Tools
-->
<hibernate-mapping>
    <class name="com.pojo.Vusermenu" table="vusermenu" catalog="mystock">
        <composite-id>
			<key-property name="userid" column="userid" type="java.lang.Integer"  />
			<key-property name="menuid" column="menuid" type="java.lang.Integer"   />
		</composite-id>
        <property name="logincode" type="java.lang.String">
            <column name="logincode" length="20" />
        </property>
        <property name="username" type="java.lang.String">
            <column name="username" length="20" />
        </property>
        <property name="menuname" type="java.lang.String">
            <column name="menuname" length="20" />
        </property>
        <property name="pid" type="java.lang.Integer">
            <column name="pid" />
        </property>
        <property name="menuurl" type="java.lang.String">
            <column name="menuurl" length="100" />
        </property>
        <property name="menutype" type="java.lang.Integer">
            <column name="menutype" />
        </property>
        <property name="ordernum" type="java.lang.Integer">
            <column name="ordernum" />
        </property>
        <property name="icon" type="java.lang.String">
            <column name="icon" length="20" />
        </property>
    </class>
</hibernate-mapping>
